"Object ID",Name,"Wikidata QID","GeoNames ID"
16004430,Schwarzburg-Rudolstadt,Q695316,
16004429,"Electorate of Cologne",Q7904317,
16004428,"Prince-Archbishopric of Salzburg",Q701614,
16004427,"Kingdom of Sicily (1734-1816)",Q3932079,
16004426,Sweden,Q34,2661886
16004425,"Ottoman Empire",Q12560,
16004424,"Habsburg Netherlands",Q1031430,
16004423,"Southern Netherlands",Q6581823,
16004422,"Principality of Reuss-Gera",Q639100,
16004421,"Grand Duchy of Oldenburg",Q693669,
16004420,"Margraviate of Moravia",Q2670751,
16004419,"Kingdom of Italy",Q838931,
16004418,"Prince-Bishopric of Lübeck",Q527527,
16004417,"Kingdom of Bohemia",Q42585,
16004416,"Duchy of Brunswick",Q326029,
16004415,"Archduchy of Austria",Q699964,
16004414,"German Empire",Q43287,
16004413,"Duchy of Ferrara",Q693570,
16004412,"Kingdom of Hungary",Q171150,
16004411,"Prince-Bishopric of Liège",Q158835,
16004410,"West Germany",Q713750,11612754
16004409,"Spanish Netherlands",Q622783,
16004408,Saxe-Eisenach,Q696651,
16004407,"Timurid Empire",Q484195,
16004406,"Muzaffarids of Iran",Q877670,
16004405,"Holy Roman Empire",Q12548,
16004404,"Papal States",Q170174,
16004403,"Republic of Venice",Q4948,
16004402,Cisleithania,Q533534,
16004401,Hungary,Q28,719819
16004400,Bohemia,Q39193,
16004399,"Electorate of Saxony",Q156199,
16004398,"Crown of Castile",Q217196,
16004397,"German Reich",Q1206012,
16004396,"Kingdom of Naples",Q173065,
16004395,"Kingdom of England",Q179876,
16004394,"Kingdom of Scotland",Q230791,
16004393,"Kingdom of Navarre",Q200262,
16004392,"Kingdom of France",Q70972,
16004391,"Kingdom of Italy",Q172579,
15998725,Germany,Q183,
15998690,Italy,Q38,
15998635,"Kingdom of the Netherlands",Q29999,
15998732,"United Kingdom",Q145,
16002145,France,Q142,
16004223,"Kingdom of Denmark",Q756617,
15998729,Russia,Q159,
15998728,Russia,Q159,
15998727,Canada,Q16,
15998726,Japan,Q17,
15998724,Belarus,Q184,
15998722,Iceland,Q189,
15998721,Estonia,Q191,
15998720,Norway,Q20,
15998719,Norway,Q20,
15998718,Norway,Q20,
15998717,Latvia,Q211,
15998716,"Czech Republic",Q213,
15998715,Slovakia,Q214,
15998714,Slovenia,Q215,
15998713,Romania,Q218,
15998712,Bulgaria,Q219,
15998711,"North Macedonia",Q221,
15998710,Albania,Q222,
15998709,Croatia,Q224,
15998708,Azerbaijan,Q227,
15998707,Cyprus,Q229,
15998706,Kazakhstan,Q232,
15998705,Malta,Q233,
15998704,Montenegro,Q236,
15998703,Cuba,Q241,
15998702,Indonesia,Q252,
15998701,"Northern Ireland",Q26,
15998700,"Republic of Ireland",Q27,
15998699,Spain,Q29,
15998698,Spain,Q29,
15998697,Spain,Q29,
15998696,Spain,Q29,
15998695,"United States of America",Q30,
15998694,Belgium,Q31,
15998693,Finland,Q33,
15998692,Poland,Q36,
15998691,Lithuania,Q37,
15998689,Switzerland,Q39,
15998688,Austria,Q40,
15998687,Greece,Q41,
15998686,Turkey,Q43,
15998684,Uruguay,Q77,
15998683,Egypt,Q79,
15998682,Mexico,Q96,
15998681,"British North Borneo",Q1147441,
15998680,Chinland,Q124153644,
15998679,"Republic of Artsakh",Q244165,
15998678,"Sikh Misl",Q2578028,
15998677,"Portuguese Malacca",Q2988343,
15998676,Transnistria,Q907112,
15998675,"French protectorate in Morocco",Q907234,
15998674,Gabon,Q1000,
15998673,"The Gambia",Q1005,
15998672,Guinea,Q1006,
15998671,Guinea-Bissau,Q1007,
15998670,"Ivory Coast",Q1008,
15998669,Cameroon,Q1009,
15998668,"Cape Verde",Q1011,
15998667,Lesotho,Q1013,
15998666,Liberia,Q1014,
15998665,Libya,Q1016,
15998664,Libya,Q1016,
15998663,Libya,Q1016,
15998662,Libya,Q1016,
15998661,Madagascar,Q1019,
15998660,Malawi,Q1020,
15998659,Mauritania,Q1025,
15998658,Mauritius,Q1027,
15998657,Mozambique,Q1029,
15998656,Namibia,Q1030,
15998655,Niger,Q1032,
15998654,Nigeria,Q1033,
15998653,Uganda,Q1036,
15998652,Rwanda,Q1037,
15998651,"São Tomé and Príncipe",Q1039,
15998650,Senegal,Q1041,
15998649,Seychelles,Q1042,
15998648,"Sierra Leone",Q1044,
15998647,Somalia,Q1045,
15998646,Sudan,Q1049,
15998645,Eswatini,Q1050,
15998644,Kosovo,Q1246,
15998643,"Northern Mariana Islands",Q16644,
15998642,Aruba,Q21203,
15998641,"Northern Cyprus",Q23681,
15998640,"South Africa",Q258,
15998639,"Sint Maarten",Q26273,
15998638,Uzbekistan,Q265,
15998637,"Cook Islands",Q26988,
15998636,Chile,Q298,
15998634,"Kingdom of the Netherlands",Q29999,
15998633,Singapore,Q334,
15998632,Niue,Q34020,
15998631,Liechtenstein,Q347,
15998630,Galicia,Q3908,
15998629,Bahrain,Q398,
15998628,Armenia,Q399,
15998627,Australia,Q408,
15998626,Argentina,Q414,
15998625,Peru,Q419,
15998624,"North Korea",Q423,
15998623,Cambodia,Q424,
15998622,"East Timor",Q574,
15998621,Chad,Q657,
15998620,"New Zealand",Q664,
15998619,"New Zealand",Q664,
15998618,India,Q668,
15998617,Tuvalu,Q672,
15998616,Samoa,Q683,
15998615,"Solomon Islands",Q685,
15998614,Vanuatu,Q686,
15998613,"Papua New Guinea",Q691,
15998612,Palau,Q695,
15998611,Nauru,Q697,
15998610,"Federated States of Micronesia",Q702,
15998609,"Marshall Islands",Q709,
15998608,Kiribati,Q710,
15998607,Mongolia,Q711,
15998606,Fiji,Q712,
15998605,Venezuela,Q717,
15998604,Venezuela,Q717,
15998603,Paraguay,Q733,
15998602,Guyana,Q734,
15998601,Ecuador,Q736,
15998600,Colombia,Q739,
15998599,Bolivia,Q750,
15998598,"Trinidad and Tobago",Q754,
15998597,"Saint Vincent and the Grenadines",Q757,
15998596,"Saint Lucia",Q760,
15998595,"Saint Lucia",Q760,
15998594,"Saint Kitts and Nevis",Q763,
15998593,Jamaica,Q766,
15998592,Grenada,Q769,
15998591,Guatemala,Q774,
15998590,"The Bahamas",Q778,
15998589,"Antigua and Barbuda",Q781,
15998588,Honduras,Q783,
15998587,Dominica,Q784,
15998586,"Dominican Republic",Q786,
15998585,Haiti,Q790,
15998584,"El Salvador",Q792,
15998583,Iran,Q794,
15998582,Iraq,Q796,
15998581,"Costa Rica",Q800,
15998580,Israel,Q801,
15998579,Yemen,Q805,
15998578,Jordan,Q810,
15998577,Nicaragua,Q811,
15998576,Kyrgyzstan,Q813,
15998575,Laos,Q819,
15998574,Lebanon,Q822,
15998573,Maldives,Q826,
15998572,Maldives,Q826,
15998571,Malaysia,Q833,
15998570,Myanmar,Q836,
15998569,Nepal,Q837,
15998568,Nepal,Q837,
15998567,Oman,Q842,
15998566,Pakistan,Q843,
15998565,Qatar,Q846,
15998564,"Saudi Arabia",Q851,
15998563,"Sri Lanka",Q854,
15998562,Syria,Q858,
15998561,Tajikistan,Q863,
15998560,Taiwan,Q865,
15998559,Thailand,Q869,
15998558,Turkmenistan,Q874,
15998557,"United Arab Emirates",Q878,
15998556,Vietnam,Q881,
15998555,Vietnam,Q881,
15998554,Vietnam,Q881,
15998553,"South Korea",Q884,
15998552,Afghanistan,Q889,
15998551,Afghanistan,Q889,
15998550,Afghanistan,Q889,
15998549,Afghanistan,Q889,
15998548,Afghanistan,Q889,
15998547,Afghanistan,Q889,
15998546,Afghanistan,Q889,
15998545,Afghanistan,Q889,
15998544,Afghanistan,Q889,
15998543,Afghanistan,Q889,
15998542,Afghanistan,Q889,
15998541,Bangladesh,Q902,
15998540,Mali,Q912,
15998539,Angola,Q916,
15998538,Bhutan,Q917,
15998537,Brunei,Q921,
15998536,Tanzania,Q924,
15998535,Philippines,Q928,
15998534,Philippines,Q928,
15998533,Philippines,Q928,
15998532,Philippines,Q928,
15998531,"Central African Republic",Q929,
15998530,Togo,Q945,
15998529,Tunisia,Q948,
15998528,Zambia,Q953,
15998527,Zimbabwe,Q954,
15998526,"South Sudan",Q958,
15998525,Benin,Q962,
15998524,Botswana,Q963,
15998523,"Burkina Faso",Q965,
15998522,Burundi,Q967,
15998521,Comoros,Q970,
15998520,"Republic of the Congo",Q971,
15998519,"Democratic Republic of the Congo",Q974,
15998518,Djibouti,Q977,
15998517,Eritrea,Q986,
15998516,"Kingdom of Nafana",Q102133106,
15998515,"Counani Free State",Q102460360,
15998514,"Cambay State",Q1028095,
15998513,"Autonomous Albanian Republic of Korçë",Q1028133,
15998512,"British Cameroons",Q1028835,
15998511,"French Cameroons",Q1028848,
15998510,Martyazo,Q1029062,
15998509,"Natalia Republic",Q1029847,
15998508,"Tây Sơn dynasty",Q1034173,
15998507,"Spain under the Restoration",Q1044536,
15998506,"Republic of Rose Island",Q1044668,
15998505,"Republic of Užice",Q1046443,
15998504,"Kingdom of Albania",Q1048340,
15998503,Cayor,Q1052040,
15998502,"Duchy of Estonia",Q1054032,
15998501,"Khmer Republic",Q1054184,
15998500,"Emirate of Bahrain (1783–1971)",Q105633625,
15998499,"British Protectorate of Qatar",Q105633777,
15998498,"Republic of Hawaii",Q1057542,
15998497,"United States of Colombia",Q1061488,
15998496,"Chan Santa Cruz",Q1061582,
15998495,"Kingdom of Champasak",Q1062415,
15998494,"Konbaung dynasty",Q1062422,
15998493,"Later Jin (1616-1636)",Q1062546,
15998492,"United States of the Ionian Islands",Q1063498,
15998491,"Kurdish state",Q106391158,
15998490,"Golconda Sultanate",Q106504426,
15998489,"Merina Kingdom",Q1071439,
15998488,"Chhatarpur State",Q1071493,
15998487,"Neo-Inca State",Q10715354,
15998486,"Provisional Revolutionary Government of the Republic of South Vietnam",Q1072362,
15998485,"Pahlavi Iran",Q107258515,
15998484,"Đại Nam",Q107368497,
15998483,"Provisional Central Government of Vietnam",Q10748344,
15998482,"Septinsular Republic",Q1077630,
15998481,"Kingdom of Nepal",Q1078602,
15998480,"Northeast Supreme Administrative Council",Q10869627,
15998479,"Army and Navy Marshal stronghold of the Republic of China",Q10872373,
15998478,"Lebanese Republic under French mandate",Q108865218,
15998477,"State of Greater Lebanon",Q108865226,
15998476,"Syrian Republic under French mandate",Q108868568,
15998475,"independent First Syrian Republic",Q108868572,
15998474,"Zhou dynasty (1678–1681)",Q10920088,
15998473,"Khoshut Khanate",Q10921634,
15998472,Dacheng,Q10935472,
15998471,"Tai Republic",Q10935638,
15998470,"South Chahar Autonomous Government",Q10955123,
15998469,"Second East Turkestan Republic",Q10988528,
15998468,"Baltic State",Q11040572,
15998467,"Government of the Republic of China in Guangzhou",Q11061992,
15998466,Darawiish,Q1106424,
15998465,"State of Somaliland",Q1106857,
15998464,"Republic of Benin",Q1108659,
15998463,"Ming Zheng",Q11088223,
15998462,"North Shanxi Autonomous Government",Q11089317,
15998461,"First Mexican Republic",Q1109279,
15998460,Taqali,Q1111926,
15998459,"Thonburi Kingdom",Q1115291,
15998458,"Islamic Emirate of Byara",Q111696073,
15998457,"Kingdom of Illyria",Q1117051,
15998456,"Czechoslovak Federative Republic",Q11177699,
15998455,"Czechoslovak Republic",Q11178782,
15998454,"Second Bani Khalid Emirate",Q111822288,
15998453,"Islamic government of Laristan",Q111967268,
15998452,"Portuguese Cochin",Q112062660,
15998451,Kartosuro,Q11240305,
15998450,"United States occupation of the Ryukyu Islands",Q11285099,
15998449,"Free State of Icaria",Q1131500,
15998448,"Ouaddai Empire",Q1132786,
15998447,"Sultanate of the Maldives",Q11344632,
15998446,"Chinese Soviet Republic",Q1135255,
15998445,"Kingdom of Afghanistan",Q1138904,
15998444,"Granadine Confederation",Q1141215,
15998443,"Kingdom of Vientiane",Q1141632,
15998442,"Orange River Colony",Q1142179,
15998441,"Democratic Republic of East Timor",Q114415093,
15998440,"British North Borneo",Q1147441,
15998439,"Johor Sultanate",Q1150344,
15998438,"People's Republic of the Congo",Q1152126,
15998437,"Siamese Empire",Q1155700,
15998436,"Free imperial city of Hamburg",Q115776867,
15998435,"Polish Underground State",Q116080,
15998434,"Mongol United Autonomous Government",Q11621245,
15998433,"Toyotomi government",Q11634225,
15998432,"Republic of Spanish Haiti",Q11681694,
15998431,"Peruvian Republic",Q116847047,
15998430,"Republic of Seychelles",Q117089833,
15998429,"Datia State",Q1172600,
15998428,"Khorezm Socialist Soviet Republic",Q11730773,
15998427,"Kingdom of Poland",Q11750128,
15998426,"Xi dynasty",Q1178974,
15998425,"Ngwane kingdom",Q118279244,
15998424,"Deccan sultanates",Q1183649,
15998423,"Muang Phuan",Q1186434,
15998422,"State of Brazil",Q11876909,
15998421,"Yarkent Khanate",Q1188459,
15998420,Al-Busi,Q11910203,
15998419,"East Sumatra",Q1192437,
15998418,"Kingdom of Burundi",Q1192936,
15998417,"Raghogarh State",Q11944481,
15998416,Tasik,Q11950939,
15998415,"New Castile Governorate",Q119695,
15998414,"Slovak People's Republic",Q12054859,
15998411,"Dewas State",Q1207105,
15998410,"Dhar State",Q1207561,
15998409,"Dhenkanal State",Q1207641,
15998408,"Ukrainian State",Q12163800,
15998407,"Kholodny Yar Republic",Q12167518,
15998406,"Sharifian Empire",Q12183875,
15998405,"Syrian Federation",Q12183911,
15998404,"People's Republic of Bulgaria",Q121932,
15998403,"Free State of Chukotka",Q122381094,
15998402,"Emirate of Jelgooji",Q1232141,
15998401,"Italian Eritrea",Q1232988,
15998400,"Independent State of Raqqa",Q123592443,
15998399,"Palanpur Agency",Q1237976,
15998398,"Hyderabad State",Q1240096,
15998397,"Israeli Military Governorate",Q12406729,
15998396,"Pelalawan Sultanate",Q12491400,
15998395,"Kingdom of Egypt",Q124943,
15998394,"Salyan Sultanate",Q1251091,
15998393,"Jind State",Q1252744,
15998392,"United Nations Transitional Administration for Eastern Slavonia, Baranja and Western Sirmium",Q1257607,
15998391,"Samthar State",Q1261743,
15998390,Stellaland,Q1269234,
15998389,"Republic of Madawaska",Q1269910,
15998388,"fascism in Romania",Q12714608,
15998387,"Comrat Republic",Q12739306,
15998386,"Republic of Bosnia and Herzegovina",Q1274468,
15998385,"Democratic Federal Yugoslavia",Q1277557,
15998384,"Eastern States Union",Q1278242,
15998383,"Khedivate of Egypt",Q127861,
15998382,"Kobarid Republic",Q12793818,
15998381,"Federal People's Republic of Yugoslavia",Q1290149,
15998380,"Bukey Horde",Q129799,
15998379,"Georgian Soviet Socialist Republic",Q130229,
15998378,"Estonian Soviet Socialist Republic",Q130280,
15998377,"Republic of Kliprivier",Q13035917,
15998376,"Dutch colonial empire",Q130654,
15998375,"Socialist Republic of the Union of Burma",Q13072974,
15998374,"Alawite State",Q130802,
15998373,"Azerbaijan Soviet Socialist Republic",Q131337,
15998372,"Batavian Commonwealth",Q13134747,
15998371,"Mạc dynasty",Q1317991,
15998370,"Austrian Empire",Q131964,
15998369,"French Protectorate of Laos",Q1320058,
15998368,"Government of Meiji Japan",Q1322181,
15998367,Maakhir,Q1322424,
15998366,"Kingdom of Sanwi",Q1322953,
15998365,"Armenian Soviet Socialist Republic",Q132856,
15998364,"Ukrainian Soviet Socialist Republic",Q133356,
15998363,"Emirate of Afghanistan",Q1335260,
15998362,"Emirate of Afghanistan",Q1335260,
15998361,"Wahidi Azzan",Q13375062,
15998360,"Republic of China",Q13426199,
15998359,"North Ingria",Q1343485,
15998358,"Francoist Spain",Q13474305,
15998357,"Stavropol Soviet Republic",Q1351979,
15998356,"Duchy of Livonia",Q1352878,
15998355,"First Philippine Republic",Q1361989,
15998354,"United States of Stellaland",Q1362278,
15998353,Fugger,Q13638247,
15998352,"Upper Yafa",Q1367119,
15998351,"Benares State",Q1375154,
15998350,"Asturian Peasants' and Workers' Republic",Q138251,
15998349,"Sultanate of Rafai",Q1390749,
15998348,"Russian Republic",Q139319,
15998347,"Fante Confederacy",Q1395929,
15998346,"First Republic of Armenia",Q139670,
15998345,"Faridkot State",Q1396700,
15998344,"French Mandate for Syria and the Lebanon",Q139708,
15998343,"Valais Republic",Q1398212,
15998342,"Khanate of Kalat",Q139948,
15998341,"Federated Malay States",Q1400154,
15998340,"Sailana State",Q1400780,
15998339,"First Czechoslovak Republic",Q140359,
15998338,"Confederate Ireland",Q1407718,
15998337,"Republic of South Maluku",Q1414395,
15998336,"Republic of Afghanistan",Q1415128,
15998335,"Islamic State of Afghanistan",Q1415585,
15998334,"Crimean People's Republic",Q1419681,
15998333,"Italian Regency of Carnaro",Q1423581,
15998332,"Limerick Soviet",Q1435466,
15998331,Makhnovshchina,Q1436243,
15998330,"Italian protectorate of Albania",Q1448131,
15998329,"Udaipur State",Q1457519,
15998328,"Duchy Saxony-Gotha",Q14631244,
15998327,"Commonwealth of the Philippines",Q146328,
15998326,"Anconine Republic",Q1463691,
15998325,"State of Damascus",Q146562,
15998324,"Zand dynasty",Q146597,
15998323,"Arab Kingdom of Syria",Q146600,
15998322,"Arab Federation",Q146713,
15998321,"Mandatory Iraq",Q146720,
15998320,"Jabal Druze State",Q146740,
15998319,"Hatay State",Q146761,
15998318,"Second Saudi State",Q146862,
15998317,"First Saudi State",Q146871,
15998316,"State of Aleppo",Q146872,
15998315,"State of Syria",Q146880,
15998314,"Second Syrian Republic",Q146885,
15998313,"Second Syrian Republic",Q146885,
15998312,"Kingdom of Haiti",Q1472105,
15998311,"Kingdom of Baguirmi",Q1472873,
15998310,"Sultanate of Darfur",Q1474791,
15998309,"Sultanate of Darfur",Q1474791,
15998308,"Commonwealth realm of Mauritius",Q14759030,
15998307,"Sachin State",Q1476723,
15998306,"Somali Democratic Republic",Q1477220,
15998305,"Kingdom of Bulgaria",Q147909,
15998304,"Kingdom of Loango",Q1479630,
15998303,"Federation of Malaya",Q1479726,
15998302,"Prince of Sedan",Q1483480,
15998301,"Republic of Cuba",Q14905932,
15998300,"Commonwealth realm of Sierra Leone",Q14920623,
15998299,"Klein Vrystaat",Q1493843,
15998298,"Hunza State",Q14957246,
15998297,"Kingdom of Iraq",Q149805,
15998296,"Kingdom of Kurdistan",Q149832,
15998295,"Kingdom of Thiruvithamkoor",Q150058,
15998294,"Republic of Ararat",Q150061,
15998293,"United Suvadive Republic",Q150069,
15998292,"Ukrainian State",Q1508143,
15998290,"Kingdom of Serbs, Croats and Slovenes",Q15102440,
15998289,"Matabele kingdom",Q1511207,
15998288,"Protectorate of South Arabia",Q1517772,
15998287,"Provisional National Government of the Southwestern Caucasus",Q1518576,
15998286,"Duchy of Warsaw",Q152115,
15998285,"Kingdom of Spain",Q15238138,
15998284,"Protectorate of Bohemia and Moravia",Q152750,
15998283,"Kingdom of Tungning",Q152855,
15998282,"Kingdom of Saxony",Q153015,
15998281,"Duchy of Prussia",Q153091,
15998280,"Independent State of Croatia",Q153128,
15998279,"Habsburg monarchy",Q153136,
15998278,"Italian Social Republic",Q153660,
15998276,"Kingdom of Westphalia",Q153943,
15998274,Gozo,Q1540575,
15998273,"Sirmoor State",Q1541353,
15998272,"Kingdom of Bavaria",Q154195,
15998271,Palmares,Q1542741,
15998270,"Slovak Republic",Q154401,
15998269,"Nawanagar State",Q1545942,
15998268,"Confederation of the Rhine",Q154741,
15998267,"Grand Duchy of Tuscany",Q154849,
15998266,"Soran Emirate",Q1557298,
15998265,"State of Franklin",Q1557627,
15998264,"Gwalior State",Q1557792,
15998263,"Duchy of Courland and Semigallia",Q156038,
15998262,"Republic of Central Albania",Q1562357,
15998261,"Kingdom of Hawaiʻi",Q156418,
15998260,"Serbian-Hungarian Baranya-Baja Republic",Q156506,
15998259,Brandenburg-Prussia,Q157367,
15998258,"People's Republic of Zanzibar",Q157535,
15998257,"Muscat and Oman",Q157734,
15998256,"Sultanate of Zanzibar",Q157904,
15998255,"Kénédougou Kingdom",Q15824804,
15998254,"Grand Duchy of Mecklenburg-Schwerin",Q158445,
15998253,"Kong Empire",Q1587244,
15998252,"Thanjavur Nayak kingdom",Q1588434,
15998251,"Panna State",Q1588594,
15998250,"Second Chui Volost",Q15921577,
15998249,"Kingdom of Württemberg",Q159631,
15998248,"Ratlam State",Q1604981,
15998247,"Siberian Republic",Q1606043,
15998246,"Savanur State",Q1607154,
15998245,"Grand Duchy of Mecklenburg-Strelitz",Q161215,
15998244,"Kingdom of Larantuka",Q16188096,
15998243,"Kingdom of Great Britain",Q161885,
15998242,"Riograndense Republic",Q162192,
15998241,"Kingdom of Garo",Q1623936,
15998240,"Karabakh Khanate",Q1636212,
15998239,"Mountainous Republic of the Northern Caucasus",Q1639475,
15998238,"Kingdom of Hanover",Q164079,
15998237,"Upper Aulaqi Sheikhdom",Q1641428,
15998236,"Iceland under home rule",Q16427214,
15998235,"Idel-Ural State",Q1649290,
15998234,"Duchy of Parma and Piacenza",Q165040,
15998233,"Kingdom of Sardinia",Q165154,
15998232,"Kingdom of Sardinia",Q165154,
15998231,"Duchy of Anhalt",Q16550783,
15998230,"Idrisid Emirate of Asir",Q1656908,
15998229,"Raj of Sarawak",Q1658411,
15998228,"Genoese Republic",Q16595757,
15998227,"Principality of Masserano",Q16601665,
15998226,"Sultanate of Banjar",Q1660566,
15998225,"Kingdom of Niumi",Q1661321,
15998224,"Kazan kingdom",Q16656928,
15998223,"Kingdom of Kampuchea",Q16673775,
15998222,"Federal Islamic Republic of the Comoros",Q16674377,
15998221,"State of the Comoros",Q16685842,
15998220,"Russian republic",Q16692637,
15998219,"Republika Srpska",Q16761250,
15998218,"Jamkhandi State",Q1681450,
15998217,"State of Bahrain",Q16826607,
15998216,"Jaora State",Q1683106,
15998215,"Jasdan State",Q1683756,
15998214,"Jashpur State",Q1683780,
15998213,"Gangpur State",Q16838406,
15998212,"Kingdom of Jolof",Q16850784,
15998211,"Sultanate of Muscat",Q16881283,
15998210,Yettishar,Q1688526,
15998209,"Jhabua State",Q1688822,
15998208,"British Military Administration",Q16953965,
15998207,"Kingdom of the Morea",Q16958904,
15998206,"Dutch Republic",Q170072,
15998205,"Shaki Khanate",Q1703449,
15998204,"United Arab Republic",Q170468,
15998203,"Republic of Texas",Q170588,
15998202,"Mbunda Kingdom",Q17166174,
15998201,"Polish–Lithuanian Commonwealth",Q172107,
15998199,"North Vietnam",Q172640,
15998198,"Kapurthala State",Q1728782,
15998197,"Udaipur State",Q17319155,
15998196,"Derbent Khanate",Q1740529,
15998195,"Baku Khanate",Q1740533,
15998194,"Ganja khanate",Q1740536,
15998193,"Quba Khanate",Q1740542,
15998192,"United Kingdom of Great Britain and Ireland",Q174193,
15998191,"United States of Matsya",Q1745385,
15998190,"Slovak Socialist Republic",Q1751495,
15998189,"Empire of China",Q175379,
15998188,"Kingdom of Nejd and Hejaz",Q1756546,
15998187,"Roman Republic",Q175881,
15998186,"Kingdom of Jimma",Q1759078,
15998185,"Pratapgarh State",Q175934,
15998184,"Kuban-Black Sea Soviet Republic",Q1761355,
15998183,"Rewa State",Q176466,
15998182,"Federal State of Austria",Q176495,
15998181,"Kingdom of Luba",Q1768252,
15998180,"Kruševo Republic",Q1771831,
15998179,"Ramdurg State",Q1776972,
15998178,"Kingdom of Gumma",Q1778868,
15998177,"Kuban People's Republic",Q1778994,
15998176,"Alash Autonomy",Q1779823,
15998175,"Second Spanish Republic",Q178038,
15998174,Koriya,Q1784316,
15998173,"Kota State",Q1785349,
15998172,"French colonial empire",Q179023,
15998171,Akwamu,Q1791839,
15998170,"Kingdom of Lunda",Q1796223,
15998169,"Sonepur State",Q1798703,
15998168,"Wadhwan State",Q180235,
15998167,"Kingdom of the Two Sicilies",Q180393,
15998166,"Republic of Vietnam",Q180573,
15998165,"Las Bela State",Q1806438,
15998164,"Transylvania Colony",Q1806491,
15998163,"Dhrol State",Q18111824,
15998162,"Oudh State",Q18129046,
15998161,"Emirate of Trarza",Q1812976,
15998160,"Radhanpur State",Q18164260,
15998159,"Safavid Empire",Q18234383,
15998157,"Crimean Socialist Soviet Republic",Q1842362,
15998156,Anhalt-Bernburg-Schaumburg-Hoym,Q1843786,
15998155,Hesse-Hanau,Q18450904,
15998154,"Trucial States",Q1852345,
15998153,"Provisional Government of Western Thrace",Q1852814,
15998152,"French Indochina",Q185682,
15998151,"Tsardom of Russia",Q186096,
15998150,"Grand Duchy of Baden",Q186320,
15998149,"Worker's Socialist Respublic of Amur",Q18634909,
15998148,"Aden Protectorate",Q1865132,
15998147,"Principality of Albania",Q187035,
15998146,"Dutch East Indies",Q188161,
15998145,"Batavian Republic",Q188553,
15998144,"Empire of Japan",Q188712,
15998143,"Wahidi Balhaf",Q1897800,
15998142,"Central African Empire",Q189988,
15998141,"Federal Republic of Central America",Q190025,
15998140,"Margraviate of Brandenburg-Küstrin",Q1900717,
15998139,"Centrocaspian Dictatorship",Q190636,
15998138,"Kingdom of Yugoslavia",Q191077,
15998137,"Autonomous Province of Western Bosnia",Q192262,
15998136,"Dzungar Khanate",Q1923401,
15998135,"Albanian Republic",Q1923781,
15998134,"Republic of Mountainous Armenia",Q1926064,
15998133,"Union of South Africa",Q193619,
15998132,"Black Sea Soviet Republic",Q1949159,
15998131,"Muhammadgarh State",Q1951905,
15998130,"Nandgaon State",Q1964552,
15998129,"Zuyev Republic",Q1967443,
15998128,Abazinia,Q1968554,
15998127,"Mempawah Kingdom",Q19746028,
15998126,"Principality of Arches and Charleville",Q1975782,
15998125,"Principality of Salm",Q19837669,
15998124,"Provisional Government of Albania",Q1989935,
15998123,Suriname,Q19901436,
15998122,"People's Republic of Albania",Q19915237,
15998121,"Duchy of Courland and Semigallia",Q1991540,
15998120,"Commonwealth realm of Tanganyika",Q19929935,
15998119,"Republic of Vinica",Q19937663,
15998118,"North Caucasian Emirate",Q1994382,
15998117,"Gran Colombia",Q199821,
15998116,"South Yemen",Q199841,
15998115,"Czech and Slovak Federal Republic",Q1998866,
15998114,"Company rule in India",Q2001966,
15998113,"Dominion of Pakistan",Q2006542,
15998112,"First Empire of Haiti",Q2006756,
15998111,"Slovak Soviet Republic",Q200896,
15998110,"Second Czechoslovak Republic",Q2010024,
15998109,"Republic of the Río Grande",Q2014442,
15998108,"French protectorate of Tunisia",Q2017684,
15998107,Vemerana,Q2018564,
15998106,"Socialist Republic of Chile",Q2022804,
15998105,"Second Philippine Republic",Q2027229,
15998104,"Qu'aiti Sultanate",Q202775,
15998103,"Gurian Republic",Q2028318,
15998102,"Sultanate of Deli",Q2030015,
15998101,"Kingdom of Romania",Q203493,
15998100,"Republic of Ploiești",Q2037501,
15998099,"Republic of San Marco",Q2037576,
15998098,"Stad en Lande",Q2039165,
15998097,"All-Palestine Government",Q2051582,
15998096,"Tokugawa shogunate",Q205662,
15998095,"Helvetic Republic",Q206696,
15998094,"Bourbon Restoration in France",Q207162,
15998093,"Second Polish Republic",Q207272,
15998092,"Principality of Bidache",Q2076823,
15998091,"Odesa Soviet Republic",Q2078820,
15998090,"Caucasian Imamate",Q2088141,
15998089,"Kingdom of Greece",Q209065,
15998088,"Kuba Kingdom",Q209327,
15998087,"Principality of Sperlinga",Q20949725,
15998086,"Kingdom of Sedang",Q2096935,
15998085,"Kingdom of New Spain",Q20978063,
15998084,"Kingdom of Lombardy–Venetia",Q209857,
15998083,"Erivan Khanate",Q210198,
15998082,"Fourth Brazilian Republic",Q210542,
15998081,"Socialist Republic of Slovenia",Q211092,
15998080,"Polish People's Republic",Q211274,
15998079,"Yogyakarta Sultanate",Q2114397,
15998078,"Mongolian People's Republic",Q212056,
15998077,Alawi,Q2121839,
15998076,Aqrabi,Q2121850,
15998075,"Surakarta Sunanate",Q2122499,
15998074,"Kingdom of Holland",Q212278,
15998073,"Cossack Hetmanate",Q212439,
15998072,"Rajgarh State",Q2128715,
15998071,"Rajkot State",Q2128743,
15998070,"Fourth republic of Venezuela",Q21296156,
15998069,"Cisalpine Republic",Q213353,
15998068,Union,Q214102,
15998067,Goshen,Q2145397,
15998066,"South Peru",Q2145402,
15998065,"Rewa Kantha Agency",Q2147037,
15998064,"State of Haiti",Q2150951,
15998063,"Dar Qimr",Q21530380,
15998062,"Swedish Empire",Q215443,
15998061,"Kingdom of Ireland",Q215530,
15998060,"Dar al Kuti",Q21590889,
15998059,"Free City of Danzig",Q216173,
15998058,"Herat (1793-1863)",Q21662997,
15998057,"Mali Federation",Q216632,
15998056,"Empire of Brazil",Q217230,
15998055,"Orange Free State",Q218023,
15998054,"Khanate of Nishapur",Q21843649,
15998053,"Diggers Republic",Q21849591,
15998052,"Lydenburg Republic",Q220167,
15998051,"People's Republic of Angola",Q2208280,
15998050,"Dutch Brazil",Q221357,
15998049,"Congress Poland",Q221457,
15998048,"Sangli State",Q2221701,
15998047,"Kingdom of Etruria",Q223793,
15998045,"Duchy of Florence",Q2252973,
15998044,"Omani Empire",Q22684779,
15998043,"Omani Empire",Q22684779,
15998041,"Shahpura State",Q2276431,
15998040,"Kuban Soviet Republic",Q2287085,
15998039,"Sitamau State",Q2290502,
15998038,"Terek Soviet Republic",Q2293827,
15998037,"Latvian Socialist Soviet Republic",Q2300296,
15998036,"Kingdom of Tonga",Q23022146,
15998035,"First Toungoo Empire",Q23039102,
15998034,"Russian Socialist Federative Soviet Republic",Q2305208,
15998033,"Lemko Republic",Q2308885,
15998032,"Second Republic of South Korea",Q233263,
15998031,"Republic of Geneva",Q23366230,
15998030,Basutoland,Q2340665,
15998029,"West Pakistan",Q2342822,
15998028,"Kingdom of Livonia",Q2346056,
15998027,"Libyan Arab Republic",Q2347668,
15998026,Shamshadil,Q23501351,
15998025,"Strandzha Commune",Q2353476,
15998024,"Kaluga Soviet Republic",Q23541302,
15998023,"Community of Municipalities of Northern Dalmatia and Lika",Q2354842,
15998022,"Surguja State",Q2368545,
15998021,"Republic of Cabinda",Q2368688,
15998020,"Interwar Latvia",Q2369784,
15998019,"Shun dynasty",Q2370784,
15998018,"British rule in Myanmar",Q2376315,
15998017,"Ukrainian People's Republic of Soviets",Q2381337,
15998016,"Kingdom of Pajang",Q2390716,
15998015,"Kingdom of Galicia and Lodomeria",Q2396442,
15998014,"Republic of Salé",Q2412900,
15998013,"Juliana Republic",Q2413855,
15998012,"First Brazilian Republic",Q2414171,
15998011,"Kingdom of Serbia",Q241748,
15998010,"Kingdom of Rarotonga",Q2424187,
15998009,"Ukrainian People's Republic",Q243610,
15998008,"Hungarian Soviet Republic",Q243652,
15998007,"Nueva Galicia",Q2437292,
15998006,"Republic of Artsakh",Q244165,
15998005,"Dutch Loango-Angola",Q2442581,
15998004,Tibet,Q2444884,
15998003,"Democratic Republic of Georgia",Q245160,
15998002,"Third Czechoslovak Republic",Q2454585,
15998001,Cokossi,Q2458078,
15998000,"Turkish Republic of Aras",Q2468597,
15997999,"Bogd Khanate of Mongolia",Q2475921,
15997998,"Emirate of Beihan",Q2485209,
15997997,"Sultanate of Maguindanao",Q248572,
15997996,"United States administered Bonin Islands",Q24863078,
15997995,"Gagauz Republic",Q2504040,
15997994,Azadistan,Q2506068,
15997993,"National Legionary State",Q2507497,
15997992,"Komancza Republic",Q2510537,
15997991,"Brandenburg colonial empire",Q2523837,
15997990,"Colony of Jamaica",Q2526023,
15997989,"Kingdom of Hungary",Q253094,
15997988,"Kingdom of Hungary",Q25395037,
15997987,"Bolivian State",Q25413868,
15997986,"Sultanate of Grande Comore",Q25423982,
15997985,"Sultanate of Mohéli",Q25424205,
15997984,"Alawite Territory",Q25432445,
15997983,"Kingdom of Bolaang Mongondow",Q25459978,
15997982,"Wankaner State",Q2548416,
15997981,"Northland State",Q2552742,
15997980,"Grand Duchy of Lithuania 1812",Q25536394,
15997979,"Electorate of Bavaria",Q256961,
15997978,"Kingdom of Sardinia",Q2577303,
15997977,"Sikh Misl",Q2578028,
15997976,"Taurida Soviet Socialist Republic",Q2579852,
15997975,"Provisional Government of Hawaii",Q2593459,
15997974,"Kingdom of Norway (1814)",Q2597352,
15997973,"Federation of Ethiopia and Eritrea",Q2603305,
15997972,"Kingdom of Serbia",Q2603851,
15997971,"Quisling regime",Q2616953,
15997970,"Principality of Samos",Q2618121,
15997969,"Khatumo State",Q2621587,
15997968,"Khatumo State",Q2621587,
15997967,"First Syrian Republic",Q26234937,
15997966,"Charkhari State",Q2624304,
15997965,"League Federal",Q2625228,
15997964,"State of East Indonesia",Q2625496,
15997963,Mukhrani,Q2627602,
15997962,"Asahan Sultanate",Q2634240,
15997961,"Kingdom of Cambodia",Q2638486,
15997960,"Republic of Swellendam",Q2639675,
15997959,"Second Hellenic Republic",Q265824,
15997958,"Dominion of Ceylon",Q2670092,
15997957,"Yemen Arab Republic",Q267584,
15997956,"Romanian People's Republic",Q2685298,
15997954,"Crimean Regional Government",Q2703679,
15997953,"Irish Republic",Q2712121,
15997952,"Greater Republic of Central America",Q2741089,
15997951,"Madurai Nayak Kingdom",Q28058158,
15997950,"Bima Sultanate",Q2817348,
15997949,"Kingdom of Kartli-Kakheti",Q282475,
15997948,"Free State of Costa Rica",Q28501433,
15997947,"Peruvian Republic",Q28517256,
15997946,"First Mexican Empire",Q285658,
15997945,"Principality of Qandahar",Q28669042,
15997944,"Turkestan Autonomy",Q2872689,
15997943,"Provisional Government of Mexico",Q288200,
15997942,"All-Palestine Protectorate",Q29075570,
15997941,"Canada East",Q2935756,
15997940,"Republic of Independent Guyana",Q2975232,
15997939,"Second Empire of Haiti",Q2979717,
15997938,"Columbia District",Q2980922,
15997937,"Portuguese Malacca",Q2988343,
15997936,"Sultanate of Siak Sri Indrapura",Q2988765,
15997935,Makran,Q2989469,
15997934,"Kharan State",Q2989491,
15997933,"Central American Confederation",Q2992636,
15997932,"Regional Defence Council of Aragon",Q2994258,
15997931,"Hellenic State",Q3013827,
15997930,"Kingdom of Tahiti",Q3028514,
15997929,"Republic of Tarnobrzeg",Q303836,
15997928,"Iraqi Republic (1958–1968)",Q3041595,
15997927,"Regency of Algiers",Q3045696,
15997926,"Orange River Sovereignty",Q3048062,
15997925,"Fereral Republic of Cameroon",Q30744169,
15997924,"Islamic Republic of Afghanistan",Q30747910,
15997923,Fuladu,Q3079884,
15997922,"Republic of Egypt",Q3087763,
15997921,"Kingdom of Sicily",Q30890672,
15997920,"Miguel Iglesias government",Q30899490,
15997919,Khasso,Q3090194,
15997918,"Saar Protectorate",Q310293,
15997917,Schaumburg-Lippe,Q310650,
15997916,"Emirat de Gazni",Q31073145,
15997915,"Ba'athist Iraq",Q3108185,
15997914,"Principality of Transylvania",Q3113481,
15997913,"Kingdom of Sitawaka",Q3136850,
15997912,"Republic of Formosa",Q319881,
15997911,"Lanfang Republic",Q3233989,
15997910,"Republic of Entre Ríos",Q3267672,
15997909,"Erfurt Union",Q327179,
15997907,"Restored Hanthawaddy Kingdom",Q3302610,
15997906,"Commonwealth of England",Q330362,
15997905,"Democratic Kampuchea",Q330988,
15997904,"Yeke Kingdom",Q3321385,
15997903,"Prince-Bishopric of Montenegro",Q3324486,
15997902,"Sovereign Council of Asturias and León",Q3324546,
15997901,"Mount Lebanon Mutasarrifate",Q3326429,
15997900,"Gorkha Kingdom",Q3332217,
15997899,"State of Maranhão and Piauí",Q3338842,
15997898,"State of Grão-Pará and Rio Negro",Q3339389,
15997897,"Italian Ethiopia",Q3348640,
15997896,"Kingdom of Luang Phrabang",Q338248,
15997895,"Kingdom of Spain",Q3399982,
15997894,"Le Royaume de L'Anse-Saint-Jean",Q3446188,
15997893,"Paser Sultanate",Q3446211,
15997892,"Kingdom of Beni Abbas",Q3446243,
15997891,"Republic of Brescia",Q3456373,
15997890,"République des Sept-Dizains",Q3456432,
15997889,"Republic of Liège",Q3456469,
15997888,"Sudanese Republic",Q3456487,
15997887,"Sheikhdom of Kuwait",Q3480281,
15997886,"Taiping Heavenly Kingdom",Q3486676,
15997885,"Republic of the Sudan",Q3486796,
15997884,"Republic of Zamboanga",Q3496573,
15997883,"Sultanate of Bulungan",Q3503548,
15997882,"Sultanate of Serdang",Q3503559,
15997881,"Second Nigerian Republic",Q3509510,
15997880,"First Nigerian Republic",Q3511905,
15997879,"Thanjavur Maratha kingdom",Q3530610,
15997878,"Pudukkottai State",Q3535371,
15997877,"Emirate of Almathami",Q35583423,
15997876,"Switzerland as a federal state",Q355857,
15997875,"Free Cities of Menton and Roquebrune",Q3559284,
15997874,"Kashgar Khanate",Q3588910,
15997873,"Autonomous State of Iceland",Q3591815,
15997872,"Emirate of Abdelkader",Q3591817,
15997871,"Free State of Antioquia",Q3591852,
15997870,"Free and Independent State of Cundinamarca",Q3591854,
15997869,"Como County",Q3688102,
15997868,"Republic of Mississippi",Q368986,
15997867,"Emirate of Cyrenaica",Q370372,
15997866,"Cape Colony",Q370736,
15997865,"Second Mexican Empire",Q371334,
15997864,"Sur Empire",Q373650,
15997863,"Iberian Union",Q377350,
15997862,"Gaza Empire",Q3780537,
15997861,"People's State of Bavaria",Q38251605,
15997860,"New Netherland",Q382593,
15997859,"Kingdom of Montenegro",Q386496,
15997858,"Provincia Libre de Guayaquil",Q3892131,
15997857,"Free Territory of Trieste",Q391980,
15997856,"Kingdom of Sardinia and Corsica",Q3932080,
15997855,"State of Venezuela",Q39501433,
15997854,"Kingdom of Sikkim",Q3960459,
15997853,"Akkalkot State",Q3963975,
15997852,"Italian United Provinces",Q3968612,
15997851,"Mataram Sultanate",Q402145,
15997850,"Sultanate of Lahej",Q404774,
15997849,"Government of Inner Mongolia",Q4056388,
15997848,"Alabama in the American Civil War",Q4060371,
15997847,"Baku Commune",Q4075906,
15997846,Bashkiria,Q4080196,
15997845,Wahidi,Q4105363,
15997844,"Military Council (Georgia)",Q4114520,
15997843,"free imperial city of Riga",Q4124689,
15997842,"Provisional Ferghana government",Q4127081,
15997841,Ajmer-Merwara,Q412980,
15997840,"State of Buryat-Mongolia",Q4147012,
15997839,"Sultanate of Damagaram",Q4154364,
15997838,"Dosso Kingdom",Q4167201,
15997837,"White movement in Transbaikal",Q4182327,
15997836,"Transcaspian Government",Q4184652,
15997835,"Western Confederacy",Q4186402,
15997834,"Sultanate Taranchinsky",Q4199254,
15997833,"Elisu Sultanate",Q4199295,
15997832,"Kingdom of Chiangmai",Q4202331,
15997831,"Kazikumukh Khanate",Q4208290,
15997830,"Kalmyk Khanate",Q4210248,
15997829,"Principality of Trinidad",Q4224859,
15997828,"Catalan Republic",Q42345047,
15997827,"Catalan State (1873)",Q42346134,
15997826,"Catalan State",Q42346215,
15997825,"Kingdom of Setul Mambang Segara",Q42378126,
15997824,"Qutqashen Sultanate",Q4249540,
15997823,"Autonomous Turkish Cypriot Administration",Q4250299,
15997822,"Islamic Emirate of Afghanistan",Q427941,
15997821,"Nagpur kingdom",Q4311709,
15997820,Tanganyika,Q431731,
15997819,"Republic of the Novorossiysk",Q4325153,
15997818,"Olonets Government of Southern Karelia",Q4333992,
15997817,"Kingdom of Orungu",Q4337218,
15997816,"Republic of the North Solomons",Q4393602,
15997815,"Russia Eastern Outskirts",Q4397920,
15997814,"Russian Democratic Federative Republic",Q4397927,
15997813,"Russian State",Q4398229,
15997812,"Republic of Uhtua",Q4412594,
15997811,"SAO Western Slavonia",Q4416710,
15997810,"Singapore in Federation of Malaysia",Q4420038,
15997809,"Soi︠u︡z obʺedinennykh gort︠s︡ev Gorskai︠a︡ Respublika",Q4430531,
15997808,"Romanian Old Kingdom",Q444912,
15997807,"Tashkent State",Q4453003,
15997806,"Tashkent Khanate",Q4453007,
15997805,"Ukrainian National Government",Q4470663,
15997804,"Khoy Khanate",Q4498927,
15997803,"Shuliavka Republic",Q4527647,
15997802,Amarasi,Q454941,
15997801,"West Ukrainian People's Republic",Q457167,
15997800,"Cispadane Republic",Q463289,
15997799,"Landgraviate of Hesse-Rotenburg",Q463845,
15997798,"Durrani Empire",Q467627,
15997797,"People's Socialist Republic of Albania",Q467864,
15997796,Dahomey,Q468814,
15997795,"Transitional Islamic State of Afghanistan",Q4689103,
15997794,"Pre-Colonial Basutoland",Q47499498,
15997793,"Democratic Republic of Afghanistan",Q476757,
15997792,"Fifth Republic of South Korea",Q482705,
15997791,"People's Republic of Korea",Q484370,
15997790,"Great Socialist People's Libyan Arab Jamahiriya",Q4843701,
15997789,Bailundu,Q4848487,
15997788,"Kingdom of Limmu-Ennarea",Q48723590,
15997787,"Pahang Kingdom",Q48724193,
15997786,"Kingdom of Besut Darul Iman",Q48728257,
15997784,"State of the Prince Primate",Q48758020,
15997783,"Third Republic of South Korea",Q487687,
15997782,"Kingdom of Naples (Napoleonic)",Q48779892,
15997781,"Fourth Republic of South Korea",Q488521,
15997780,"Beylik of Tunis",Q4899891,
15997779,"Bida Emirate",Q4903979,
15997778,"Khanate of Khwarazm",Q491106,
15997777,"First Republic of South Korea",Q491559,
15997776,"British Bencoolen",Q4969562,
15997775,"First Spanish Republic",Q497777,
15997774,"Kingdom of Gera",Q500965,
15997773,"Free City of Kraków",Q501303,
15997772,"Kingdom of Gomma",Q501684,
15997771,"State of Maranhão",Q502009,
15997770,"Gold Coast Colony",Q503623,
15997769,"Centralist Republic of Mexico",Q5062192,
15997768,"Baté Empire",Q507346,
15997767,"Republic of Heinzenland",Q514271,
15997766,"Parthenopean Republic",Q514423,
15997765,"First Republic of Austria",Q518101,
15997764,"Republic of Central Lithuania",Q523380,
15997763,"United States of Indonesia",Q523435,
15997762,"First Hellenic Republic",Q528546,
15997761,"Dominion of Fiji",Q5291089,
15997760,"Electorate of Hesse",Q529605,
15997759,"Sandur State",Q532048,
15997758,"Eastern Slavonia, Baranja and Western Syrmia",Q5330471,
15997757,"Emirate of Jabal Shammar",Q5362837,
15997756,"Toucouleur Empire",Q536476,
15997755,"Republic of Reuss",Q541199,
15997754,"Anglo-Egyptian occupation of Sudan",Q541455,
15997753,"Federation of Nigeria",Q5440850,
15997752,"Republic of Maryland",Q544630,
15997751,"Transcaucasian Socialist Federative Soviet Republic",Q545205,
15997750,"Franceville, New Hebrides",Q5479650,
15997749,"Free State of Fiume",Q548114,
15997748,"Republic of Quito",Q5483255,
15997747,"South African Republic",Q550374,
15997746,"Nieuwe Republiek",Q552157,
15997745,"Dominion of Ghana",Q5555325,
15997744,"Democratic People's Republic of Angola",Q55609338,
15997743,"Socialist Soviet Republic of Georgia",Q55659450,
15997742,"Duchy of Thouars",Q55979574,
15997741,"Margraviate of Baden-Baden",Q560771,
15997740,"Commonwealth realm of Guyana",Q5622720,
15997739,"Uryankhay Republic",Q56282578,
15997738,"Bani Khalid Emirate",Q56376885,
15997737,"Republic of Acre",Q564809,
15997736,Kazembe,Q5675285,
15997735,"Restoration in Switzerland",Q568452,
15997734,"Wassoulou Empire",Q568712,
15997733,"Free People's State of Württemberg",Q569871,
15997732,"Neapolitan Republic",Q573072,
15997731,"history of Ecuador (1830–1860)",Q5775982,
15997730,"Restored Republic",Q5788450,
15997729,"Mutawakkilite Kingdom of Yemen",Q580188,
15997728,"Emirate of Liptako",Q58053082,
15997727,"Patani Kingdom",Q584435,
15997726,"United States of Venezuela",Q5848651,
15997725,"Democratic Republic of Sudan",Q5866728,
15997724,"Third Republic of the Philippines",Q5870215,
15997723,Ruanda-Urundi,Q590743,
15997722,"Kingdom of Hungary",Q600018,
15997721,"Habsburg Spain",Q600093,
15997720,"United Republic of Cameroon",Q60023785,
15997719,"Kingdom of Talamanca",Q60043695,
15997718,"Sokoto Caliphate",Q600524,
15997717,"Mthethwa Paramountcy",Q600562,
15997716,Mosquitia,Q6037274,
15997715,Mosquitia,Q6037274,
15997714,"North Caucasian Soviet Republic",Q605000,
15997713,"Provisional People's Committee of North Korea",Q60770428,
15997712,"Tippu Tip's state",Q60775599,
15997711,"Bukhara Socialist Soviet Republic",Q60849901,
15997710,"Kingdom of Lithuania",Q612359,
15997709,"Kingdom of Lithuania",Q612359,
15997708,"Second Republic (Dominican Republic)",Q6123742,
15997707,Gordonia,Q61355432,
15997706,"State of Grão-Pará and Maranhão",Q616965,
15997705,"Governorate of Montenegro",Q616992,
15997704,"People's Republic of Mozambique",Q617078,
15997703,"Republic of the Congo (Léopoldville)",Q618399,
15997702,"Eastern Hungarian Kingdom",Q625380,
15997701,"Kingdom of Navarre beyond the Pyrenees",Q63021609,
15997700,"Republic of New Granada",Q630882,
15997699,"Afsharid Empire",Q63149558,
15997698,"Qajar Iran",Q63158027,
15997697,"Massina Empire",Q635394,
15997696,"Electorate of Baden",Q637238,
15997695,Kengcheng,Q6389173,
15997694,"South Kasai",Q639073,
15997693,"Kenya (1963–1964)",Q6392538,
15997692,"Senior juz",Q640998,
15997691,"Kingdom of Koya",Q6412616,
15997690,"Kingdom of Tunisia",Q6412669,
15997689,"Lachin Kurdish Republic",Q6468406,
15997688,"United Duchies of Jülich-Cleves-Berg",Q648046,
15997687,"Nguyen dynasty",Q6500483,
15997686,Zaire,Q6500954,
15997685,"Margraviate of Baden-Durlach",Q650370,
15997684,"Sheikhdom of al-Hawra",Q65050489,
15997683,"Sheikhdom of al-`Irqa",Q65051443,
15997682,"State of Ecuador",Q65166389,
15997681,"West Indies Federation",Q652560,
15997680,"Federation of Rhodesia and Nyasaland",Q654342,
15997679,"North Peru",Q654766,
15997678,"Cisrhenian Republic",Q655092,
15997677,"State of Buenos Aires",Q6553448,
15997676,"Principality of Transylvania",Q655621,
15997675,"Dholpur State",Q657861,
15997674,"Kolhapur State",Q657946,
15997673,"Ligurian Republic",Q659312,
15997672,"Duchy of Salzburg",Q661340,
15997671,"British Somaliland",Q662653,
15997670,"Freistaat Schwenten",Q665248,
15997669,Kamerun,Q668294,
15997668,"Orchha State",Q668415,
15997667,"Bidar Sultanate",Q669317,
15997666,"Republic of Yucatán",Q671658,
15997665,"Democratic Republic of Mohéli",Q67200271,
15997664,"Mahi people",Q6733951,
15997663,"Commonwealth realm of Malawi",Q6741448,
15997662,"Swedish Pomerania",Q682318,
15997661,"State of Honduras",Q68253870,
15997660,"State of Nicaragua",Q68257039,
15997659,"State of Guatemala",Q68257522,
15997658,"Principality of Serbia",Q684030,
15997657,"Rauracian Republic",Q684430,
15997656,"Socialist Soviet Republic of Byelorussia",Q68678,
15997655,"Socialist Soviet Republic of Byelorussia",Q68678,
15997654,"Bukharan People's Soviet Republic",Q68682,
15997653,"Spanish Sahara",Q689837,
15997652,"Gorizia and Gradisca",Q692946,
15997651,"Constitutional Cabinet of Louis XVI",Q69323,
15997650,Lajtabánság,Q695448,
15997649,"Khanate of Kokand",Q696241,
15997648,"Wang Jingwei regime",Q696242,
15997647,"Kingdom of Poland",Q696908,
15997646,"Banat of Temeswar",Q696913,
15997645,"Duchy of Oldenburg",Q697084,
15997644,Mengjiang,Q697837,
15997643,"Vichy France",Q69808,
15997642,"Grand Duchy of Würzburg",Q698089,
15997641,"French Fourth Republic",Q69829,
15997640,Hohenlohe-Langenburg,Q700102,
15997639,"Empire of Vietnam",Q701337,
15997638,"Territory of the Military Commander in Serbia",Q701914,
15997637,"Principality of Regensburg",Q701969,
15997636,"State of Burma",Q704358,
15997635,"Provisional People's Committee for North Korea",Q705044,
15997634,Wituland,Q705598,
15997633,"East Hebei Autonomous Council",Q707917,
15997632,"French Third Republic",Q70802,
15997631,"Reformed Government of the Republic of China",Q708865,
15997630,"First French Empire",Q71084,
15997629,"Second French Empire",Q71092,
15997627,"Republic of Ezo",Q714006,
15997626,"Indore State",Q716890,
15997625,"South Seas Mandate",Q718763,
15997624,"Ashanti Empire",Q722071,
15997623,"Post-independence Burma, 1948–1962",Q7233551,
15997622,"Pridnestrovian Moldavian Soviet Socialist Republic",Q7242857,
15997621,"Mount Lebanon Emirate",Q7245108,
15997620,"Protectorate of Peru",Q7251405,
15997619,"Zheltuga Republic",Q7273754,
15997618,"Cretan State",Q72785,
15997617,"Transpadane Republic",Q729481,
15997616,"Zulu Kingdom",Q729768,
15997615,"Autonomous Republic of Northern Epirus",Q730163,
15997614,"Regency Council",Q7308003,
15997613,"Republic of Baja California",Q7314427,
15997612,"Republic of South Carolina",Q7314513,
15997611,"Banten Sultanate",Q734867,
15997610,"United Provinces of the Río de la Plata",Q738144,
15997609,"State of Los Altos",Q738264,
15997608,"Wahidi Bir Ali",Q739722,
15997607,"Kingdom of Reman",Q7416493,
15997606,"Second Federal Republic of Mexico",Q7443295,
15997605,"Emirate of Bukhara",Q746558,
15997604,"Bechuanaland Protectorate",Q747314,
15997603,Maflahi,Q751372,
15997602,"New Hebrides",Q752431,
15997601,"Somali Republic",Q7559152,
15997600,Audhali,Q758709,
15997599,"Turkestan Autonomous Soviet Socialist Republic",Q75903,
15997598,"State of Malta",Q7603765,
15997597,"Congo Free State",Q76048,
15997596,"Dendi Kingdom",Q761103,
15997595,"Aro Confederacy",Q761370,
15997594,"Bamana Empire",Q762084,
15997593,"Lithuanian–Byelorussian Soviet Socialist Republic",Q76236,
15997592,"Sultanate of Harar",Q7636797,
15997591,"South African Republic",Q766411,
15997590,Tagmadert,Q7675292,
15997589,"Dutch Gold Coast",Q770776,
15997588,"Commonwealth realm of the Gambia",Q7735661,
15997587,"Sovereign Principality of the United Netherlands",Q774783,
15997586,"Adamawa Emirate",Q775550,
15997585,"Albanian Kingdom",Q777147,
15997584,"Third Republic of Madagascar",Q7784940,
15997583,"Principality of Montenegro",Q779011,
15997582,"Mughan Soviet Republic",Q781705,
15997581,"Principality of Benevento",Q781935,
15997580,"Provisional Government of the French Republic",Q783684,
15997579,"Trinidad and Tobago",Q7842409,
15997578,Kombo,Q786080,
15997577,"Commonwealth realm of Uganda",Q7877575,
15997576,"United Tribes of New Zealand",Q7893618,
15997575,Uukwanyama,Q7903544,
15997574,"Aussa Sultanate",Q791787,
15997573,Viye,Q7937982,
15997572,"French Togoland",Q797214,
15997571,"Republic of Upper Volta",Q797422,
15997570,"British Togoland",Q797527,
15997569,Baban,Q797579,
15997568,"Republic of Dahomey",Q798431,
15997567,"Bahawalpur State",Q800236,
15997566,"Lithuanian Soviet Socialist Republic",Q80211,
15997565,"Yauri Emirate",Q8050352,
15997564,"Bamra State",Q806019,
15997563,"Bang Assu",Q806435,
15997562,Baol,Q807068,
15997561,"Baoni State",Q807069,
15997560,"Baroda State",Q808575,
15997559,"Basoda State",Q810432,
15997558,"Bastar State",Q810557,
15997557,Upingtonia,Q8146595,
15997556,"Beiyang Government",Q814959,
15997555,"Belgian colonial empire",Q815524,
15997554,"Principality of Bulgaria",Q815731,
15997553,"Tuvan People's Republic",Q816709,
15997552,"Kingdom of Rohilkhand",Q81893195,
15997551,"Confederate States",Q81931,
15997550,"Estado Novo",Q824489,
15997549,"Interwar Lithuania",Q8272919,
15997548,"Senegambia Confederation",Q828443,
15997547,"Argentine Confederation",Q832554,
15997546,"Socialist Federal Republic of Yugoslavia",Q83286,
15997545,"Kingdom of Corsica",Q83444,
15997544,"Federation of South Arabia",Q834486,
15997543,"Anglo-Corsican Kingdom",Q83536,
15997542,"Sikh Empire",Q83572,
15997541,"Maratha Empire",Q83618,
15997540,"Duchy of Nassau",Q836680,
15997539,"Federal Republic of Yugoslavia",Q838261,
15997538,"Socialist Republic of Montenegro",Q838291,
15997537,"International Association of the Congo",Q838416,
15997536,"Socialist Republic of Romania",Q842794,
15997535,"Tagalog Republic",Q843394,
15997534,"Czechoslovak Socialist Republic",Q853348,
15997533,"Bharatpur State",Q854850,
15997532,"Bhavnagar State",Q854917,
15997531,"Bhor State",Q855058,
15997530,"United Arab States",Q856843,
15997529,"Sheikdom of Upper Asir",Q85800761,
15997528,"Yemeni Zaidi State",Q85816686,
15997527,"Sultanate of Hobyo",Q862404,
15997526,Kaabu,Q862478,
15997525,"Geledi Sultanate",Q862518,
15997524,"People's Republic of Benin",Q862701,
15997523,Kuwait,Q868942,
15997522,"Kingdom of Laos",Q870055,
15997521,"British Malaya",Q871091,
15997520,"Serbian Empire of Jovan Nenad",Q872301,
15997519,"French Consulate",Q877619,
15997518,"Estado Libre del Istmo",Q8842943,
15997517,"United States of Central America",Q8842993,
15997516,Bunyoro,Q889897,
15997515,"Tooro Kingdom",Q889912,
15997514,Bundu,Q892272,
15997513,"Baudh State",Q894995,
15997512,"Peru–Bolivian Confederation",Q899706,
15997511,"Free City of Danzig",Q901974,
15997510,"Cochinchina Autonomous Republic",Q903061,
15997509,"United Kingdom of Portugal, and of Brazil, and the Algarves",Q903779,
15997508,"Socialist Soviet Republic Of Armenia",Q90579326,
15997507,"United Provinces of Central America",Q9063401,
15997506,"French protectorate in Morocco",Q907234,
15997505,"Republic of Prekmurje",Q913828,
15997504,"Tonk State",Q914031,
15997503,"Patiala State",Q917553,
15997502,"Bantva Manavadar State",Q918500,
15997501,"Morvi State",Q922317,
15997500,Kaarta,Q924833,
15997499,"Free State of Jones",Q92621935,
15997498,"Italian Empire",Q926295,
15997497,"Nabha State",Q929357,
15997496,"Patria Nueva",Q929693,
15997495,"Rada Narodowa Księstwa Cieszyńskiego",Q9301958,
15997494,Changbhakar,Q932370,
15997493,"Raigarh State",Q932393,
15997492,"Miraj Senior",Q932487,
15997491,"Jath State",Q933413,
15997490,"Republic of Hungary",Q940741,
15997489,"People's Democratic Republic of Ethiopia",Q940821,
15997488,"Netherlands New Guinea",Q941881,
15997487,"South-West Africa",Q953068,
15997486,"Republic of Haiti (1820–1849)",Q95408244,
15997485,"Free State of Waldeck-Pyrmont",Q954891,
15997484,"Kingdom of Hejaz",Q956357,
15997483,"United Principalities of Moldavia and Wallachia",Q958291,
15997482,"Republic of Utrecht",Q958477,
15997481,"Emirate of Nejd and Hasa",Q96028967,
15997480,"Republic „Otto Luoghi“",Q96051590,
15997479,"Bahrain and its Dependencies",Q96204511,
15997478,"Moldavian Democratic Republic",Q964024,
15997477,"Emirate of Qatar",Q96404668,
15997476,"Coalition Provisional Authority",Q965174,
15997475,"Tripolitanian Republic",Q965346,
15997474,"Kingdom of Matamba",Q973988,
15997473,"Malayan Union",Q976099,
15997472,"Narsinghgarh State",Q976913,
15997471,"People's Revolutionary Republic of Guinea",Q98605707,
15997470,"Rozwi Empire",Q986822,
15997469,"Etrurian Republic",Q992220,
15997468,"Maihar State",Q999297,
15997467,"Jefferson Territory",Q999381,
15997466,"Captaincy General of Venezuela",Q10463,
15997465,"Soviet Union",Q15180,
15997464,"United Kingdom of the Netherlands",Q15864,
15997463,"Hungarian People's Republic",Q16410,
15997461,"California Republic",Q17557,
15997460,"Grand Duchy of Hesse",Q20135,
15997459,"Russian Soviet Federative Socialist Republic",Q2184,
15997458,"Netherlands Antilles",Q25227,
15997457,"Kingdom of Prussia",Q27306,
15997456,"Korean Empire",Q28233,
15997455,"Provisional Government of the Republic of Korea",Q28278,
15997454,Austria-Hungary,Q28513,
15997453,"Byelorussian Soviet Socialist Republic",Q2895,
15997452,"Lokot Autonomy",Q30573,
15997451,"Independent Macedonia",Q30609,
15997450,Manchukuo,Q30623,
15997449,"Kingdom of Libya",Q31454,
15997448,"Irish Free State",Q31747,
15997447,"Mughal Empire",Q33296,
15997446,Czechoslovakia,Q33946,
15997445,"Russian Empire",Q34266,
15997444,Yugoslavia,Q36704,
15997443,"Serbia and Montenegro",Q37024,
15997442,"Republic of the Rif",Q37102,
15997441,"Dominion of Newfoundland",Q38610,
15997440,Prussia,Q38872,
15997439,"Weimar Republic",Q41304,
15997437,"Federation of Arab Republics",Q44642,
15997436,"Colony of Aden",Q49910,
15997435,"July Monarchy",Q58202,
15997434,"French First Republic",Q58296,
15997433,"French Second Republic",Q58326,
15997432,"Khorezm People's Soviet Republic",Q61291,
15997431,"Far Eastern Republic",Q61292,
15997430,"Galician Soviet Socialist Republic",Q61385,
15997429,"Donetsk-Krivoy Rog Soviet Republic",Q61427,
15997428,"Finnish Democratic Republic",Q62519,
15997427,"Kingdom of Iceland",Q62567,
15997426,"Union between Sweden and Norway",Q62589,
15997425,"Grand Principality of Finland",Q62633,
15997424,Denmark–Norway,Q62651,
15997423,"SAO Eastern Slavonia, Baranja and Western Syrmia",Q65362,
15997421,"British Empire",Q8680,
15997420,"Second Republic of Venezuela",Q8950,
